[
  {
    "id": 0,
    "img_url": "/tip_calculator.jpg",
    "webiste_url": "https://enzo-mir.github.io/tip-calculator-app-main/",
    "git_url": "https://github.com/enzo-mir/tip-calculator-app-main.git",
    "title": "Tip calculator app",
    "description": "This app is made for claculate total tips and tip per person with default bill, custom tip and custom number of people",
    "type": "frontend",
    "platform": "frontendmentor",
    "tag": ["Html", "Css", "Js"],
    "date": "Dec 11, 2023"
  },
  {
    "id": 1,
    "img_url": "/bookmark_landing_page.jpg",
    "webiste_url": "https://enzo-mir.github.io/bookmark-landing-page-master/",
    "git_url": "https://github.com/enzo-mir/bookmark-landing-page-master.git",
    "title": "Bookmark landing page",
    "description": "Landing page with carousel, accordion, email form checker",
    "type": "frontend",
    "platform": "frontendmentor",
    "tag": ["Html", "Css", "Js"],
    "date": "Dec 9, 2023"
  },
  {
    "id": 2,
    "img_url": "/url_shorten_api.jpg",
    "webiste_url": "https://enzo-mir.github.io/url-shortening-api-master/",
    "git_url": "https://github.com/enzo-mir/url-shortening-api-master.git",
    "title": "Shortly URL shortening API",
    "description": "Landing page using url shorten services from rapidApi to short your url",
    "type": "frontend",
    "platform": "frontendmentor",
    "tag": ["Html", "Css", "Js", "Api"],
    "date": "Dec 4, 2023"
  },
  {
    "id": 3,
    "img_url": "/static_job_listing.jpg",
    "webiste_url": "https://enzo-mir.github.io/static-job-listings-master/",
    "git_url": "https://github.com/enzo-mir/static-job-listings-master.git",
    "title": "Job listings with filtering",
    "description": "This app filter data with tags selected",
    "type": "frontend",
    "platform": "frontendmentor",
    "tag": ["Html", "Css", "Js", "Json"],
    "date": "Nov 14, 2023"
  },
  {
    "id": 4,
    "img_url": "/manage_landing_page.jpg",
    "webiste_url": "https://enzo-mir.github.io/manage-landing-page-master/",
    "git_url": "https://github.com/enzo-mir/manage-landing-page-master.git",
    "title": "Manage landing page",
    "description": "Landing page with comments slider",
    "type": "frontend",
    "platform": "frontendmentor",
    "tag": ["Html", "Css", "Js"],
    "date": "Dec 9, 2023"
  },
  {
    "id": 5,
    "img_url": "/calculator_app.jpg",
    "webiste_url": "https://enzo-mir.github.io/calculatorAppFrontEndMentor/",
    "git_url": "https://github.com/enzo-mir/calculatorAppFrontEndMentor.git",
    "title": "Calculator app",
    "description": "Theme switcher calculator app",
    "type": "frontend",
    "platform": "frontendmentor",
    "tag": ["Html", "Css", "Js", "React", "styled-components"],
    "date": "Sep 15, 2023"
  },
  {
    "id": 6,
    "img_url": "/ip_address_tracker.jpg",
    "webiste_url": "https://enzo-mir.github.io/ip-address-tracker-master/",
    "git_url": "https://github.com/enzo-mir/ip-address-tracker-master.git",
    "title": "Ip address tracker",
    "description": "Search the location from ip address with ipify and ipapi",
    "type": "frontend",
    "platform": "frontendmentor",
    "tag": ["Html", "Css", "Js", "Api"],
    "date": "Nov 11, 2023"
  },
  {
    "id": 7,
    "img_url": "/api_country.jpg",
    "webiste_url": "https://enzo-mir.github.io/frontendmentorCH3/",
    "git_url": "https://github.com/enzo-mir/frontendmentorCH3.git",
    "title": "REST Countries API",
    "description": "Search country with api (restcountries api) filtered by continents and learn all tips about it with theme switcher",
    "type": "frontend",
    "platform": "frontendmentor",
    "tag": ["Html", "Css", "Js", "Api"],
    "date": "Dec 6, 2022"
  },
  {
    "id": 8,
    "img_url": "/todo_app.jpg",
    "webiste_url": "https://enzo-mir.github.io/todo_app_main/",
    "git_url": "https://github.com/enzo-mir/todo_app_main.git",
    "title": "Todo Main App",
    "description": "This todo app using session storage for theme and todos",
    "type": "frontend",
    "platform": "frontendmentor",
    "tag": ["Html", "Css", "Js", "Session", "zustand"],
    "date": "Nov 20, 2023"
  },
  {
    "id": 9,
    "img_url": "/countdown_timer.jpg",
    "webiste_url": "https://enzo-mir.github.io/launch-countdown-timer-main/",
    "git_url": "https://github.com/enzo-mir/launch-countdown-timer-main.git",
    "title": "Launch countdown timer",
    "description": "This app is a countdown timer for 4 days",
    "type": "frontend",
    "platform": "frontendmentor",
    "tag": ["Html", "Css", "Js"],
    "date": "Nov 7, 2023"
  },
  {
    "id": 10,
    "img_url": "/game.jpg",
    "webiste_url": "https://enzo-mir.github.io/frontendmentorCH4/",
    "git_url": "https://github.com/enzo-mir/frontendmentorCH4.git",
    "title": "Rock, Paper, Scissors game",
    "description": "Silmple Rock, Paper, Scissors game with score count",
    "type": "frontend",
    "platform": "frontendmentor",
    "tag": ["Html", "Css", "Js"],
    "date": "Dec 8, 2022"
  },
  {
    "id": 11,
    "img_url": "/project_managment.png",
    "webiste_url": "http://projectmanagment.uqkn2942.odns.fr/",
    "git_url": "https://github.com/enzo-mir/project_management_adonis.git",
    "title": "Project management adonis",
    "description": "The app contains authentification, CSR (client side rendering) with inertia and state managment",
    "type": "fullstack",
    "platform": "personnal",
    "tag": ["React", "Inertia", "AdonisJs", "Typescript", "Zod", "zustand"],
    "date": "Jan 7, 2024"
  },
  {
    "id": 12,
    "img_url": "/restaurant_ecf.png",
    "webiste_url": "https://ecf2024.fr/",
    "git_url": "https://github.com/enzo-mir/ecf_adonis-inertia.git",
    "title": "Reservation French Restaurant",
    "description": "This app is used to take a reservation with some userData if you are logged and flexible datas with the administrator pannel",
    "type": "fullstack",
    "platform": "personnal",
    "tag": ["React", "Inertia", "AdonisJs", "Typescript", "Zod", "zustand", "mysql"],
    "date": "Jan 21, 2024"
  }
]
